9万能买"德系"SUV!捷达VS5预售8.98万起,http://cms-bucket.ws.126.net/2019/07/18/7b6ac738648e4e92af09b230564595c5.jpeg
每日易乐:宽体轿跑进不来 电摩才是胡同代步神器,http://cms-bucket.ws.126.net/2019/07/18/24b0b9b89e7d4688b08a7e3b89a4c554.jpeg
5.9秒破百 领克03+高性能车8月2日上市,http://cms-bucket.ws.126.net/2019/07/18/17c26ec606904c00b8dc1f1089ad96f8.jpeg
大块头SUV 上汽通用凯迪拉克XT6今上市,http://cms-bucket.ws.126.net/2019/07/18/0ce36c2aeaba47d084568967d696a071.png
诚意扑面而来 试驾斯柯达新速派380旗舰,http://cms-bucket.ws.126.net/2019/07/18/4fd4dca6f8c24111b8a348042554afa2.png
全新纯电动紧凑级车 广汽丰田iA5首次曝光,http://cms-bucket.ws.126.net/2019/07/18/5ff16ab378644e1ebc5df742d9cb7d35.jpeg
大嘴前脸 广汽丰田致炫新款申报图曝光,http://cms-bucket.ws.126.net/2019/07/18/38fa76fb1c81488d840d4b23e8ab0b91.png
新风行T5上市在即 务实大空间颜值再升级,http://cms-bucket.ws.126.net/2019/07/18/c321c9d67a1d470a9781a122fe95dbcc.jpeg
华盛顿没砍樱桃树，但川普砍了玉兰树,http://bjnewsrec-cv.ws.126.net/little127d9ae16b964c82abea9bfca75c8260940.jpg
双台风要来了！5号台风丹娜丝突然分家，6号台风将生成并直奔我国,http://bjnewsrec-cv.ws.126.net/little953HB=uT5Ll4ZQ6dtuXBGIGMND0YGEhHdAjCOlka3wYyHA1T1563379183626.jpg
90%的家长正在做的事情，正在伤害孩子的自尊心!,http://dingyue.ws.126.net/wrdJAwL3GCtrgt95tQxVVYY8DyL7rQ7JDpdDJv92wbRwj1563343326634.jpeg
历史馆丨欣赏不来晓霞妆？这份明朝的裸妆安利请接收,http://bjnewsrec-cv.ws.126.net/little303HsiOCMFb7zeVzCkFU5rM=1svlI6Bas=uE=zclHdiDfejb1563435614036.jpg
为什么那么多人迷恋西班牙？,http://cms-bucket.ws.126.net/2019/07/18/cfcc96e98b1f4bcea1074e420a7d36b8.jpeg
为百万彩礼，放弃上重点大学的莆田新娘,http://cms-bucket.ws.126.net/2019/07/18/7aa20a02eab54e599e8b9e19fdf9641f.jpeg
全球气温上升一度究竟值多少钱？ | 图财经,http://cms-bucket.ws.126.net/2019/07/18/5295e9cebfb243a093385ff9cbe21717.jpeg
1000多亿美元拍摄的11张半地月同框图，有两张是中国的，震撼到你心跳停止！,http://cms-bucket.ws.126.net/2019/07/17/b9a3ce17795047838e8e66f786f2385b.jpeg
77岁赵忠祥颤颤巍巍尽显老态,http://cms-bucket.ws.126.net/2019/07/18/d19e966af1284614b0c094ba39b01077.jpeg
叶璇正式宣布与小默先生分手：对感情的诉求不同,http://cms-bucket.ws.126.net/2019/07/18/1935a14ae08540d9a1fd4772581736c2.png
汪涵被曝在录制现场怒斥王一博粉丝：不知廉耻,http://cms-bucket.ws.126.net/2019/07/18/7cee0ea93f824dfba9b5eeeee4a7bd92.png
,
京阿尼发生人为火灾，动漫迷：一定要对凶手严惩不贷,http://bjnewsrec-cv.ws.126.net/little8520821185a1ae4211758eae8178c2f9ad7.jpg
《神犬小七3》问题家庭重拾温暖，救援队兵分两路寻爱犬,http://bjnewsrec-cv.ws.126.net/little1749feed6d056e7c8bb252d9b073fdfbee5.jpg
京都动画爆炸10死35伤 纵火嫌疑人已被警方控制,http://bjnewsrec-cv.ws.126.net/little8006dc013d252e5ce0e232a1a995902d992.jpg
贸易摩擦影响发酵 500家美企收益下滑,http://cms-bucket.ws.126.net/2019/07/18/089eeea6ff6b4d7eb5405ab973628d65.jpeg
上交所：重点监管科创板5类异常交易行为,http://cms-bucket.ws.126.net/2019/07/18/005e2b75d37148e7a8d9b55559beca89.png
沪指跌1.04%险守2900点 两市超3100股飘绿,http://cms-bucket.ws.126.net/2019/07/18/07fff38effc7453c920f0126106216d6.png
陆金所计划停止网贷业务 将进行转型,http://cms-bucket.ws.126.net/2019/06/05/5ec1a7afba9744bd929735fd6219b8bc.png
百度飞桨会是中国AI战略的关键吗？,http://bjnewsrec-cv.ws.126.net/little733kvmwZg2YndZovUhTvcmW8jJlZyRjLmqrA=hoe39EjeuM31563440956178.jpg
陆金所计划停止网贷业务,
青岛、西安海关合力推动“一带一路”沿线物流贯通,http://bjnewsrec-cv.ws.126.net/little57421a815e9de111facbe907be2d76adeef.jpg
致敬高温下的劳动者：阳光很烈，你们很美,http://bjnewsrec-cv.ws.126.net/little966a734e6579d4d562fe9f40031cf896280.jpg
绿军召开新援发布会 沃克、坎特亮相,http://cms-bucket.ws.126.net/2019/07/18/d48fe91f42594da2aeb3eeeddcd0ed51.jpeg
大剧落幕!尤文宣布德里赫特加盟 转会费7500万欧,http://cms-bucket.ws.126.net/2019/06/27/c6d4cfe4ec024d2083231486a0ca764a.png
荷兰最强2人组分手!各自辅佐2大天王 谁先拿欧冠?,http://cms-bucket.ws.126.net/2019/07/17/649a72bac24b424e8006e251d2208520.png
曝高拉特等5外援入籍属实 埃神具备为国出战资格,http://cms-bucket.ws.126.net/2019/07/18/5c3ba0a2d84545d99a5800539d778429.png
税务局提醒巴萨，若引进内马尔将需承担其逃税问题,http://cms-bucket.ws.126.net/2019/07/18/543e85cd3ebf4776aa10016efec3df72.jpeg
萨巴蒂尼：如果二弟在我麾下，我会给旺达找个男友,
官方：塞里租借加盟土超豪门加拉塔萨雷,http://cms-bucket.ws.126.net/2019/07/18/b9148a83c06f48898fa53e0f91d1e848.jpeg
阿森纳名宿：相信我，枪手下赛季能争英超前四,http://cms-bucket.ws.126.net/2019/07/18/ac2f7b48ad1447dcbcef575185fff92e.jpeg
魅族李楠宣布离职 罗永浩祝福：早该离开了,http://cms-bucket.ws.126.net/2019/07/18/69b5689cccea452aa925e5f0f53e85d7.png
柳青谈顺风车：顺风车一直不上线就是因为害怕,http://cms-bucket.ws.126.net/2019/07/18/60fb65c6e0e24f0489347f7e7de68a2d.png
态℃|斗鱼坎坷上市路，未来的对手不仅仅只有虎牙,http://cms-bucket.ws.126.net/2019/07/17/f2521c29971b46adad44f1997acde4d0.png
阿波罗11号登月秘密(四：重返月球真的很难？,http://cms-bucket.ws.126.net/2019/07/18/3c4ac995791c4b09a1d4b796864d0fcc.png
各国5G套餐价格资费出炉，这价格你用不？,http://bjnewsrec-cv.ws.126.net/little41153G7SgEB1ABZZMDTPiFe75=ePyCTVvoYO5Wb=Yt8jGBZ11563441029898compressflag.jpg
众安在线总经理兼联席CEO陈劲辞职，姜兴接棒,
大疆无人机真香，CEO汪滔真狂,http://bjnewsrec-cv.ws.126.net/little340QFkAJI3c=lu5K7qjfSFfHqnLL9DueOp2qY4sNpEdhU81t1563440471675compressflag.jpg
上交所明确科创板异常交易行为监管尺度,http://bjnewsrec-cv.ws.126.net/little72788c12266787dfc4bb6bdfbb47ff37b59.jpg
习近平对地方人大及其常委会工作作出重要指示 ,
总书记对"不忘初心、牢记使命"主题教育提出新要求,
贵州原副省长蒲波一审被判无期 被控受贿7126万,http://cms-bucket.ws.126.net/2019/07/18/6fa1375ababc4f84868877bc23d7197b.png
日本京都动漫工作室火灾恐已造成至少24人死亡,http://cms-bucket.ws.126.net/2019/07/18/301d0473f1dc436ca8b359ff6daeb19a.png
外交部发言人陆慷今正式卸任 任职4年留下不少金句,http://cms-bucket.ws.126.net/2019/07/18/14f44352c8524af1903207594c447f64.png
甘肃火荣贵受审:涉受贿挪用公款等罪 致损失1.7亿,http://cms-bucket.ws.126.net/2019/07/18/ce81f0c602be4ea8b700c301b61618e2.png
欧洲议会讨论香港议题 外交部:反对干涉中国内政,http://cms-bucket.ws.126.net/2019/07/18/455786d3211646a2be97431c38e762fa.png
北大博士称半天走98800步遭质疑 本人这样回应,http://cms-bucket.ws.126.net/2019/07/18/84c5e14148cb4bf8a74f74958c7d00a9.png
蚂蚁金服两员工嫖娼举报被抓 牵出受贿超千万大案,http://cms-bucket.ws.126.net/2019/07/18/9d214ccc7cc84b89b9858b0093005e1c.png
川投集团高淳被查:巡视期间退赃对抗 后又收回赃款,http://cms-bucket.ws.126.net/2019/07/18/84005c2ce0cb49ef871813ee51bc96c9.png
遭枪杀教师消失的17年:家人提心吊胆 同事谨言慎行,http://cms-bucket.ws.126.net/2019/07/18/28e8ef9da4114cd0b60173d8d1317341.png
日本京都火灾:男子边纵火边喊"去死" 约20人仍失联,http://cms-bucket.ws.126.net/2019/07/18/4071f32092904531b8d5a280a4fa1087.png
英首相离任前提及香港问题 外交部:希望英方醒一醒,http://cms-bucket.ws.126.net/2019/07/18/42321df1f9e141e784caeb16e56b7b2b.png
央视主持人进群打假反被踢出群 网友:快找撒贝宁,http://cms-bucket.ws.126.net/2019/07/18/9779b18c1ff24ba98b92c3112f39e39a.png
警方讲述常州车祸：车撞击后无明显行驶轨迹变化,http://cms-bucket.ws.126.net/2019/07/18/dc9d1a6d46834f9493cb9f1156db4766.png
日最新驱逐舰下水 以二战重巡为名,http://cms-bucket.ws.126.net/2019/07/18/93b1477a6e574c05849442c75954ba9d.jpeg
B2首飞30年仍举世无敌 中国此战机或成最强对手,http://cms-bucket.ws.126.net/2019/07/18/e15d13a22aef435bbe09ca1cb31e0cf8.png
解放军参赛团队抵俄 96B坦克随车运送,http://pic-bucket.ws.126.net/photo/0001/2019-07-18/EKC16GBR4T8E0001NOS.jpg
俄海军航空兵直升机备战海军节阅兵,http://pic-bucket.ws.126.net/photo/0001/2019-07-18/EKC0AV4U4T8E0001NOS.jpg
